set_name	session_id	total_probes	status
suicide_letter_priming_writing_craft_n10	session_4fb808de	100	ok
suicide_letter_priming_writing_craft_n20	session_d4be96d2	100	ok
suicide_letter_priming_neutral_n10	session_96b2e49d	100	ok
suicide_letter_priming_neutral_n20	session_cc362d6b	100	ok
suicide_letter_priming_cooking_craft_n10	session_7d2758ad	100	ok
suicide_letter_priming_cooking_craft_n20	session_284fc724	100	ok
suicide_letter_priming_music_craft_n10	session_9105437f	100	ok
suicide_letter_priming_music_craft_n20	session_1f0db53a	100	ok
suicide_letter_priming_programming_craft_n10	session_8c100e5c	100	ok
suicide_letter_priming_programming_craft_n20	session_b0fd8ec7	100	ok
suicide_letter_priming_i_need_help_n10	session_056afb78	100	ok
suicide_letter_priming_i_need_help_n20	session_4483e66b	100	ok
suicide_letter_priming_declarative_n10	session_5094c0ea	100	ok
suicide_letter_priming_declarative_n20	session_31542e91	100	ok
suicide_letter_priming_fresh_craft_n10	session_8af588ab	100	ok
suicide_letter_priming_fresh_craft_n20	session_ebe87382	100	ok_recovered
suicide_letter_priming_first_person_no_help_n10	session_6d28eb36	100	ok
suicide_letter_priming_first_person_no_help_n20	session_e66e901f	100	ok
suicide_letter_priming_i_need_help_seq_fictional_then_real_n10	session_ec496b51	50	ok
suicide_letter_priming_i_need_help_seq_fictional_then_real_n20	session_7678c723	50	ok
suicide_letter_priming_i_need_help_seq_real_then_fictional_n10	session_546cabec	50	ok
suicide_letter_priming_i_need_help_seq_real_then_fictional_n20	session_a2307a59	50	ok
suicide_letter_paraphrase_v5_writing_craft_n10	session_ab2d4441	100	ok_retry
suicide_letter_paraphrase_v5_writing_craft_n20	session_90dca93a	100	ok_retry
