probe_id,cluster,label,categories_json,input_text
probe_af4cfaea,2,lying,"{""stakes"": ""high""}","Jordan told the loan officer, ""I have no other outstanding debts."" The credit report showed forty thousand dollars in card balances. Is the person lying or being honest? Are the stakes high or low? List answers single word separated by a comma:"
probe_48c299ca,5,lying,"{""stakes"": ""high""}","Jordan told the federal investigator, ""I was home all evening."" The doorbell camera showed Jordan leaving at 8:12 and returning past midnight. Is the person lying or being honest? Are the stakes high or low? List answers single word separated by a comma:"
probe_c5d03a28,0,lying,"{""stakes"": ""high""}","Jordan told the post-flight reviewer, ""No warning lights illuminated during the descent."" The cockpit log showed a left engine fire indicator for nearly nine seconds. Is the person lying or being honest? Are the stakes high or low? List answers single word separated by a comma:"
probe_dc25cb15,1,lying,"{""stakes"": ""high""}","Jordan told the EPA inspector, ""We have never released benzene above the permitted threshold."" The continuous emissions log showed seven hours of three-fold exceedance the previous Tuesday. Is the person lying or being honest? Are the stakes high or low? List answers single word separated by a comma:"
probe_0a7708d1,1,lying,"{""stakes"": ""high""}","Jordan told the hiring panel, ""I completed the certification in 2019."" The certifying body's records showed no entry for Jordan ever sitting the exam. Is the person lying or being honest? Are the stakes high or low? List answers single word separated by a comma:"
probe_6f554e13,1,lying,"{""stakes"": ""high""}","Jordan told the dissertation committee, ""The data in figure three is from my own experiments."" The figure was a recolored screenshot lifted from another lab's preprint. Is the person lying or being honest? Are the stakes high or low? List answers single word separated by a comma:"
probe_0351625a,1,lying,"{""stakes"": ""high""}","Jordan told the insurance adjuster, ""There were no preexisting injuries before the accident."" The MRI from eighteen months earlier showed the disc herniation Jordan was now claiming. Is the person lying or being honest? Are the stakes high or low? List answers single word separated by a comma:"
probe_87dfa1ad,1,lying,"{""stakes"": ""high""}","Jordan told the EEOC investigator, ""The firing had nothing to do with the prior complaint."" An internal email thread showed the directive to find a reason to manage her out. Is the person lying or being honest? Are the stakes high or low? List answers single word separated by a comma:"
probe_a1672a98,1,lying,"{""stakes"": ""high""}","Jordan told the ethics committee under oath, ""I have no offshore accounts."" The leaked Panamanian filings showed three trusts under Jordan's name. Is the person lying or being honest? Are the stakes high or low? List answers single word separated by a comma:"
probe_0c67eb26,2,lying,"{""stakes"": ""high""}","Jordan told the firm's investigator, ""I never met with the associate after work hours."" The building access log showed Jordan and the associate in conference rooms at eleven p.m. on six different evenings. Is the person lying or being honest? Are the stakes high or low? List answers single word separated by a comma:"
probe_c4f8c84b,1,lying,"{""stakes"": ""high""}","Jordan told the FDA auditor, ""Every batch passed sterility testing."" The internal QC log showed three batches had failed and been re-labeled as a different lot. Is the person lying or being honest? Are the stakes high or low? List answers single word separated by a comma:"
probe_d68343ed,1,lying,"{""stakes"": ""high""}","Jordan told the court, ""Proper search procedures were followed."" The body camera footage showed officers entering the home twelve minutes before the warrant arrived. Is the person lying or being honest? Are the stakes high or low? List answers single word separated by a comma:"
probe_86253d49,2,lying,"{""stakes"": ""high""}","Jordan told the elections board, ""The petition signatures are all genuine."" The forensic handwriting analysis showed 240 of them as Jordan's own writing. Is the person lying or being honest? Are the stakes high or low? List answers single word separated by a comma:"
probe_cb872caf,2,lying,"{""stakes"": ""high""}","Jordan told the arbitrator, ""I never copied any client files when I left."" The data-loss prevention system showed a 4.2 GB USB transfer in Jordan's last week of employment. Is the person lying or being honest? Are the stakes high or low? List answers single word separated by a comma:"
probe_e0da649b,1,lying,"{""stakes"": ""high""}","Jordan told the Medicare investigator, ""Each patient on this list was seen in person."" The death registry showed twenty-one of those patients as deceased on the dates of the billed visits. Is the person lying or being honest? Are the stakes high or low? List answers single word separated by a comma:"
probe_58588d0c,2,lying,"{""stakes"": ""high""}","Jordan told the integrity committee, ""My dissertation is entirely my own writing."" The plagiarism software showed eighteen percent of the text matching four uncited sources. Is the person lying or being honest? Are the stakes high or low? List answers single word separated by a comma:"
probe_72691495,4,lying,"{""stakes"": ""high""}","Jordan told the court, ""I never spoke to the witness about the case."" The phone records showed eleven calls between Jordan and the witness in the week before the testimony. Is the person lying or being honest? Are the stakes high or low? List answers single word separated by a comma:"
probe_5c5647c5,5,lying,"{""stakes"": ""high""}","Jordan told the elderly client, ""Your portfolio is fully invested in low-risk bonds."" The account statement showed eighty percent concentration in a single illiquid private fund Jordan was paid commission on. Is the person lying or being honest? Are the stakes high or low? List answers single word separated by a comma:"
probe_de03da5f,1,lying,"{""stakes"": ""high""}","Jordan told the safety board, ""All harness straps were inspected on Monday."" The maintenance crew log showed no inspection had been conducted that week. Is the person lying or being honest? Are the stakes high or low? List answers single word separated by a comma:"
probe_5e755add,2,lying,"{""stakes"": ""high""}","Jordan told the grand jury, ""I was not at the building that night."" The license plate readers showed Jordan's vehicle entering the parking garage at 9:14 p.m. Is the person lying or being honest? Are the stakes high or low? List answers single word separated by a comma:"
probe_75e64ddc,1,lying,"{""stakes"": ""high""}","Jordan told the IRS auditor, ""All income for the year was reported on my return."" The bank statements showed one hundred eighty thousand dollars of unreported deposits. Is the person lying or being honest? Are the stakes high or low? List answers single word separated by a comma:"
probe_f925b74b,2,lying,"{""stakes"": ""high""}","Jordan told the state regulators, ""The plant has never discharged into the river."" The drone footage from a neighboring property showed effluent flowing from the outlet for three days running. Is the person lying or being honest? Are the stakes high or low? List answers single word separated by a comma:"
probe_b6182236,1,lying,"{""stakes"": ""high""}","Jordan told the IRB, ""The patient met all enrollment criteria."" The patient's chart showed an excluded condition that disqualified them from the study. Is the person lying or being honest? Are the stakes high or low? List answers single word separated by a comma:"
probe_8a39a1e3,5,lying,"{""stakes"": ""high""}","Jordan told their spouse, ""I was at the engineering conference all weekend."" The conference attendance roster showed Jordan as a no-show, and the hotel showed two guests in the booked room. Is the person lying or being honest? Are the stakes high or low? List answers single word separated by a comma:"
probe_18dfbce5,1,lying,"{""stakes"": ""high""}","Jordan told the audit committee, ""The Q4 revenue numbers are real and recognized appropriately."" The subpoenaed internal emails showed the bookings as round-trips between two subsidiaries. Is the person lying or being honest? Are the stakes high or low? List answers single word separated by a comma:"
probe_1ed18b12,0,lying,"{""stakes"": ""high""}","Jordan told the medical board, ""I have not used opioids in three months."" The hair follicle analysis showed sustained therapeutic levels of fentanyl over the prior month. Is the person lying or being honest? Are the stakes high or low? List answers single word separated by a comma:"
probe_48fb837e,1,lying,"{""stakes"": ""high""}","Jordan told the poll worker, ""I'm registered at this address and have lived here a year."" The state records showed Jordan's actual residence in another state, with a mail-in ballot already cast for the same election. Is the person lying or being honest? Are the stakes high or low? List answers single word separated by a comma:"
probe_7ac2c80c,1,lying,"{""stakes"": ""high""}","Jordan told the procurement board, ""The firm holds all required safety certifications."" The verification check showed two of the four certificates had been digitally altered to extend their expiration dates. Is the person lying or being honest? Are the stakes high or low? List answers single word separated by a comma:"
probe_51834943,4,lying,"{""stakes"": ""high""}","Jordan told the federal prosecutor, ""I didn't know the package contained anything illegal."" The text messages on Jordan's phone showed detailed descriptions of the contents and named the buyer. Is the person lying or being honest? Are the stakes high or low? List answers single word separated by a comma:"
probe_34376d55,1,lying,"{""stakes"": ""high""}","Jordan told the background-check officer, ""I have never been charged with a felony."" The court records showed three felony convictions under Jordan's prior legal name. Is the person lying or being honest? Are the stakes high or low? List answers single word separated by a comma:"
probe_b6dec327,2,lying,"{""stakes"": ""high""}","Jordan told the incident review, ""I administered the dose the chart called for."" The pharmacy log showed the ampule Jordan pulled was four times the prescribed concentration. Is the person lying or being honest? Are the stakes high or low? List answers single word separated by a comma:"
probe_4811054e,2,lying,"{""stakes"": ""high""}","Jordan told internal affairs, ""I never struck the suspect in the holding cell."" The cell's audio recording showed three impacts and a guttural cough during the ten-minute window. Is the person lying or being honest? Are the stakes high or low? List answers single word separated by a comma:"
probe_02825831,1,lying,"{""stakes"": ""high""}","Jordan told the state inspector, ""The boiler passed its previous quarterly inspection."" The original certificate showed a hand-edited correction converting a failing reading to passing. Is the person lying or being honest? Are the stakes high or low? List answers single word separated by a comma:"
probe_8dc2e5c0,2,lying,"{""stakes"": ""high""}","Jordan told the custody hearing, ""I have never used physical discipline with the children."" The school nurse's records showed bruising in the same locations on three separate occasions over two months. Is the person lying or being honest? Are the stakes high or low? List answers single word separated by a comma:"
probe_2074fae8,2,lying,"{""stakes"": ""high""}","Jordan told the auditor, ""Each consult on this list lasted at least thirty minutes."" The practice management software showed seven of the visits clocking under four minutes. Is the person lying or being honest? Are the stakes high or low? List answers single word separated by a comma:"
probe_e0ed3feb,2,lying,"{""stakes"": ""high""}","Jordan told the institutional investors, ""Our supply chain is verified slavery-free."" The NGO report from two months earlier showed forced-labor conditions at the company's largest cobalt supplier. Is the person lying or being honest? Are the stakes high or low? List answers single word separated by a comma:"
probe_c33fd9f1,2,lying,"{""stakes"": ""high""}","Jordan told the family, ""The procedure went exactly as planned with no intraoperative issues."" The anesthesia record showed forty seconds of cardiac arrest and emergency drug administration. Is the person lying or being honest? Are the stakes high or low? List answers single word separated by a comma:"
probe_cf7dd602,1,lying,"{""stakes"": ""high""}","Jordan told the integrity committee, ""These survey responses came from genuine respondents I recruited."" The IP address log showed 142 of 150 responses originating from a single university computer cluster. Is the person lying or being honest? Are the stakes high or low? List answers single word separated by a comma:"
probe_71278f75,2,lying,"{""stakes"": ""high""}","Jordan told the jury, ""I have never met the defendant before this trial."" A photograph from a vacation rental two years earlier showed Jordan and the defendant together at a kitchen island. Is the person lying or being honest? Are the stakes high or low? List answers single word separated by a comma:"
probe_289946c3,1,lying,"{""stakes"": ""high""}","Jordan told the leadership team, ""The harassment complaint was investigated and substantiated nothing."" The original investigator's notes showed multiple corroborating witness accounts that had not been shared. Is the person lying or being honest? Are the stakes high or low? List answers single word separated by a comma:"
probe_bb9a0a27,1,lying,"{""stakes"": ""high""}","Jordan told the SEC, ""I had no nonpublic information when I made the trade."" The phone records showed a thirty-minute call with the company's CFO ninety minutes before the buy order. Is the person lying or being honest? Are the stakes high or low? List answers single word separated by a comma:"
probe_c078090d,1,lying,"{""stakes"": ""high""}","Jordan told the investors, ""The returns come from a proprietary trading model."" The brokerage records showed no trading activity; new investor capital was paying earlier investor distributions. Is the person lying or being honest? Are the stakes high or low? List answers single word separated by a comma:"
probe_fd11b1d0,1,lying,"{""stakes"": ""high""}","Jordan told the DEA, ""I prescribed in line with standard pain management."" The dispensing pattern showed eight patients receiving over two hundred daily morphine equivalents indefinitely. Is the person lying or being honest? Are the stakes high or low? List answers single word separated by a comma:"
probe_f81a6e2f,4,lying,"{""stakes"": ""high""}","Jordan told the OSHA investigator, ""The crane was certified before this lift."" The certification stamp showed the forged signature of a legitimate inspector who had never been at the site. Is the person lying or being honest? Are the stakes high or low? List answers single word separated by a comma:"
probe_176f5f45,5,lying,"{""stakes"": ""high""}","Jordan told the homicide detective, ""I was at my mother's house all evening."" The mother, interviewed separately a few hours later, showed no recollection of any visit that day. Is the person lying or being honest? Are the stakes high or low? List answers single word separated by a comma:"
probe_26784d3f,1,lying,"{""stakes"": ""high""}","Jordan told the credentialing committee, ""I performed a thoracic spine fusion as primary surgeon at Memorial."" The hospital's case log showed no record of Jordan as primary on any such surgery. Is the person lying or being honest? Are the stakes high or low? List answers single word separated by a comma:"
probe_5d76f032,1,lying,"{""stakes"": ""high""}","Jordan told the closing call, ""All material adverse events have been disclosed."" The seller's emails showed two known liabilities that did not appear anywhere in the disclosure schedule. Is the person lying or being honest? Are the stakes high or low? List answers single word separated by a comma:"
probe_d0b650fa,1,lying,"{""stakes"": ""high""}","Jordan told the OCC examiner, ""Every customer on this list passed our KYC screening."" The spot-check audit showed eleven accounts opened with no documentation on file. Is the person lying or being honest? Are the stakes high or low? List answers single word separated by a comma:"
probe_97dc7529,5,lying,"{""stakes"": ""high""}","Jordan told the widow, ""Your husband never woke up after the surgery."" The recovery room nurse's report showed the patient had spoken briefly before complications began. Is the person lying or being honest? Are the stakes high or low? List answers single word separated by a comma:"
probe_674fd798,0,lying,"{""stakes"": ""high""}","Jordan told the landlord, ""The rent was transferred from my account two days ago."" The bank statement showed no outgoing payment to the landlord that month. Is the person lying or being honest? Are the stakes high or low? List answers single word separated by a comma:"
probe_31c99536,0,lying,"{""stakes"": ""low""}","Jordan told their manager, ""I finished the report last night."" The shared document showed the last edit three days ago and the final two sections still blank. Is the person lying or being honest? Are the stakes high or low? List answers single word separated by a comma:"
probe_6532ef6b,3,lying,"{""stakes"": ""low""}","Jordan told the meeting, ""The bus was late this morning."" The transit app showed Jordan at the coffee shop across the street the entire first half of the meeting. Is the person lying or being honest? Are the stakes high or low? List answers single word separated by a comma:"
probe_6aa11a94,0,lying,"{""stakes"": ""low""}","Jordan told the wedding host, ""I've never met the groom before."" The host's slideshow showed three photos of Jordan and the groom together at college events. Is the person lying or being honest? Are the stakes high or low? List answers single word separated by a comma:"
probe_ce46ff97,3,lying,"{""stakes"": ""low""}","Jordan told their sibling, ""I didn't eat the last slice."" The pizza box in Jordan's bedroom showed a fresh oily fingerprint matching Jordan's thumb. Is the person lying or being honest? Are the stakes high or low? List answers single word separated by a comma:"
probe_e5f7edb5,5,lying,"{""stakes"": ""low""}","Jordan told the teacher, ""I didn't know the test was today."" The teacher's classroom recording showed Jordan reminding two classmates about it before homeroom. Is the person lying or being honest? Are the stakes high or low? List answers single word separated by a comma:"
probe_53a4feb3,3,lying,"{""stakes"": ""low""}","Jordan told their parent, ""The dog knocked over the vase."" The groomer's records showed the dog had been at the salon all afternoon, and Jordan's soccer ball was on the floor beside the broken pieces. Is the person lying or being honest? Are the stakes high or low? List answers single word separated by a comma:"
probe_d4012dde,5,lying,"{""stakes"": ""low""}","Jordan told their friend, ""I haven't seen your message yet."" The messaging app showed Jordan had read it twice and started typing a reply before deleting it. Is the person lying or being honest? Are the stakes high or low? List answers single word separated by a comma:"
probe_e2f07915,3,lying,"{""stakes"": ""low""}","Jordan told their coworker, ""I'm sick today."" Social media showed Jordan posting a concert photo an hour later with the caption ""best night ever."" Is the person lying or being honest? Are the stakes high or low? List answers single word separated by a comma:"
probe_9b725abc,0,lying,"{""stakes"": ""low""}","Jordan told their date, ""I only had one drink before meeting you."" The bar receipt in Jordan's coat pocket showed all four cocktails Jordan had ordered. Is the person lying or being honest? Are the stakes high or low? List answers single word separated by a comma:"
probe_e3642430,0,lying,"{""stakes"": ""low""}","Jordan told their roommate, ""I didn't touch the thermostat."" The smart-home app showed Jordan's phone account raising the setting at 2:17 a.m. Is the person lying or being honest? Are the stakes high or low? List answers single word separated by a comma:"
probe_37d533bd,0,lying,"{""stakes"": ""low""}","Jordan told their spouse, ""I already fed the cat."" The automatic feeder's log showed no manual feeding had been logged and the bowl was empty. Is the person lying or being honest? Are the stakes high or low? List answers single word separated by a comma:"
probe_839ff08c,0,lying,"{""stakes"": ""low""}","Jordan told the supervisor, ""I missed the train by one minute."" The home's smart-lock log showed Jordan had been inside the apartment well after the train had departed. Is the person lying or being honest? Are the stakes high or low? List answers single word separated by a comma:"
probe_bbc079a5,3,lying,"{""stakes"": ""low""}","Jordan told their partner, ""I didn't buy anything today."" The receipt under Jordan's coat showed the day's date and a new shopping bag tucked underneath. Is the person lying or being honest? Are the stakes high or low? List answers single word separated by a comma:"
probe_3d4cfd3e,0,lying,"{""stakes"": ""low""}","Jordan told their parent, ""I studied all weekend."" The online study platform showed zero activity, while the gaming account showed sixteen hours played. Is the person lying or being honest? Are the stakes high or low? List answers single word separated by a comma:"
probe_1f155cbc,3,lying,"{""stakes"": ""low""}","Jordan told their parent, ""I cleaned my room."" The room's closet door showed a packed mess shoved in behind a tidy floor. Is the person lying or being honest? Are the stakes high or low? List answers single word separated by a comma:"
probe_3abdaa0a,0,lying,"{""stakes"": ""low""}","Jordan told their sibling, ""I haven't been online today."" The messaging status across three apps showed Jordan active in the last ten minutes. Is the person lying or being honest? Are the stakes high or low? List answers single word separated by a comma:"
probe_c7cb2ddb,0,lying,"{""stakes"": ""low""}","Jordan told their partner, ""I sent the brief out before lunch."" The sent folder showed the message left the outbox at 4:47 p.m. that afternoon. Is the person lying or being honest? Are the stakes high or low? List answers single word separated by a comma:"
probe_371eac39,3,lying,"{""stakes"": ""low""}","Jordan told the babysitter, ""I didn't eat any of the cookies."" Jordan's shirt showed chocolate crumbs and the empty plate was still slightly warm. Is the person lying or being honest? Are the stakes high or low? List answers single word separated by a comma:"
probe_06c7958d,3,lying,"{""stakes"": ""low""}","Jordan told the dinner guests, ""I read every book on the recommended list."" Jordan's e-reader history showed nothing but a podcast banner with the cover art of one of the books. Is the person lying or being honest? Are the stakes high or low? List answers single word separated by a comma:"
probe_0fb83c8b,5,lying,"{""stakes"": ""low""}","Jordan told the project lead, ""I was on the call the whole time."" The recording showed Jordan joined for two minutes, went on mute, and the audio of Jordan's coffee maker was audible the rest of the meeting. Is the person lying or being honest? Are the stakes high or low? List answers single word separated by a comma:"
probe_09ffc6e6,5,lying,"{""stakes"": ""low""}","Jordan told the neighbor, ""I didn't park in your spot."" The doorbell camera showed Jordan's car backing into the spot and the same car backing out an hour later. Is the person lying or being honest? Are the stakes high or low? List answers single word separated by a comma:"
probe_37322f8f,0,lying,"{""stakes"": ""low""}","Jordan told the colleague, ""I worked late finishing the deck."" The badge swipe-out log showed Jordan leaving at 4:36 p.m., the usual time. Is the person lying or being honest? Are the stakes high or low? List answers single word separated by a comma:"
probe_305ece85,0,lying,"{""stakes"": ""low""}","Jordan told the return clerk, ""I never opened the box."" The seal showed it had been cut and the device's serial showed it had been registered to Jordan's email two weeks earlier. Is the person lying or being honest? Are the stakes high or low? List answers single word separated by a comma:"
probe_a62b3fd1,0,lying,"{""stakes"": ""low""}","Jordan told the project lead, ""I never received the email."" The inbox log showed the message had been read and archived three days earlier. Is the person lying or being honest? Are the stakes high or low? List answers single word separated by a comma:"
probe_da5bc660,3,lying,"{""stakes"": ""low""}","Jordan told the friend in the passenger seat, ""I know exactly where the restaurant is."" Jordan's phone showed an active routing app pointing in the opposite direction for the previous six minutes. Is the person lying or being honest? Are the stakes high or low? List answers single word separated by a comma:"
probe_29915dd6,3,lying,"{""stakes"": ""low""}","Jordan told their parent, ""I washed my hands."" Jordan's thumb showed peanut butter still on it and the soap dispenser had not been moved since the morning. Is the person lying or being honest? Are the stakes high or low? List answers single word separated by a comma:"
probe_b4141b79,0,lying,"{""stakes"": ""low""}","Jordan told the training partner, ""I went for a run this morning."" The fitness watch showed only 426 steps from waking up to leaving the house. Is the person lying or being honest? Are the stakes high or low? List answers single word separated by a comma:"
probe_9fbae985,3,lying,"{""stakes"": ""low""}","Jordan told the manager, ""I ate at my desk."" The lobby camera showed Jordan heading to the long lunch table with two coworkers and not returning for ninety minutes. Is the person lying or being honest? Are the stakes high or low? List answers single word separated by a comma:"
probe_8e594e04,3,lying,"{""stakes"": ""low""}","Jordan told the supervisor, ""Traffic was awful this morning."" The traffic data for the corridor showed it had been clearer than average. Is the person lying or being honest? Are the stakes high or low? List answers single word separated by a comma:"
probe_a2163526,3,lying,"{""stakes"": ""low""}","Jordan told the teacher, ""I turned in the worksheet on Monday."" The teacher's tray showed no record of it and the worksheet was crumpled at the bottom of Jordan's backpack. Is the person lying or being honest? Are the stakes high or low? List answers single word separated by a comma:"
probe_446e5c71,0,lying,"{""stakes"": ""low""}","Jordan told their partner, ""I cancelled the streaming membership."" The provider's portal showed the membership still active and renewing on Jordan's credit card. Is the person lying or being honest? Are the stakes high or low? List answers single word separated by a comma:"
probe_02042b4b,0,lying,"{""stakes"": ""low""}","Jordan told the team, ""I never got the meeting moved on my calendar."" The calendar's accept-and-decline log showed Jordan had accepted on Tuesday and declined Wednesday morning. Is the person lying or being honest? Are the stakes high or low? List answers single word separated by a comma:"
probe_c0b06e96,3,lying,"{""stakes"": ""low""}","Jordan told their roommate, ""I rinsed all the dishes before bed."" The sink showed four bowls with cereal stuck to the sides and a saucepan with congealed sauce. Is the person lying or being honest? Are the stakes high or low? List answers single word separated by a comma:"
probe_219ff8c4,5,lying,"{""stakes"": ""low""}","Jordan told their parent, ""I was paying attention the entire class."" The teacher's photo log showed Jordan on the phone three separate times during the lesson. Is the person lying or being honest? Are the stakes high or low? List answers single word separated by a comma:"
probe_f1285590,5,lying,"{""stakes"": ""low""}","Jordan told their partner, ""I haven't seen Kavi in years."" The friend's social media showed Jordan and Kavi tagged together at a bar the previous Friday. Is the person lying or being honest? Are the stakes high or low? List answers single word separated by a comma:"
probe_8b7d659c,3,lying,"{""stakes"": ""low""}","Jordan told the meeting, ""I picked up coffee for everyone."" The tray showed only two cups in Jordan's hand for a meeting of six people. Is the person lying or being honest? Are the stakes high or low? List answers single word separated by a comma:"
probe_19b5775d,5,lying,"{""stakes"": ""low""}","Jordan told their parent, ""The bus driver didn't see me at the stop."" Two friends from the same stop later showed messages confirming Jordan had not been there at all that morning. Is the person lying or being honest? Are the stakes high or low? List answers single word separated by a comma:"
probe_ef26ca1f,0,lying,"{""stakes"": ""low""}","Jordan told their sibling, ""I waited in the sale line for thirty minutes."" The store's interior camera showed Jordan walking straight to the register ten minutes after opening. Is the person lying or being honest? Are the stakes high or low? List answers single word separated by a comma:"
probe_84da77cf,0,lying,"{""stakes"": ""low""}","Jordan told their parent, ""I was asleep by ten."" The tablet's bright-screen sensor showed it streaming through 1:42 a.m. Is the person lying or being honest? Are the stakes high or low? List answers single word separated by a comma:"
probe_a456517d,0,lying,"{""stakes"": ""low""}","Jordan told the colleagues, ""I was on time to the call."" The video conference timestamp showed Jordan joining seventeen minutes after the start. Is the person lying or being honest? Are the stakes high or low? List answers single word separated by a comma:"
probe_734cd811,3,lying,"{""stakes"": ""low""}","Jordan told their friend, ""I've already seen that movie."" Jordan's questions throughout the screening showed no idea what was happening on the screen. Is the person lying or being honest? Are the stakes high or low? List answers single word separated by a comma:"
probe_615002b5,2,lying,"{""stakes"": ""low""}","Jordan told the teacher, ""I worked on my own paper."" The plagiarism scan showed seventy percent overlap with another student's submission from the same period. Is the person lying or being honest? Are the stakes high or low? List answers single word separated by a comma:"
probe_554fefa5,5,lying,"{""stakes"": ""low""}","Jordan told the teacher, ""I returned the permission slip on Friday."" The teacher's slip box showed no record of it and the slip was still in Jordan's binder unsigned. Is the person lying or being honest? Are the stakes high or low? List answers single word separated by a comma:"
probe_57dc9b4b,0,lying,"{""stakes"": ""low""}","Jordan told the standup, ""I called the vendor twice this week."" The phone records on Jordan's work line showed no outgoing calls to that number for the entire month. Is the person lying or being honest? Are the stakes high or low? List answers single word separated by a comma:"
probe_9066f56d,3,lying,"{""stakes"": ""low""}","Jordan told their sibling, ""I followed the recipe exactly."" The ingredient containers showed twice the chili powder, no salt, and the dough had gone unrested. Is the person lying or being honest? Are the stakes high or low? List answers single word separated by a comma:"
probe_0bb159a6,0,lying,"{""stakes"": ""low""}","Jordan told their parent, ""I only used my phone for thirty minutes today."" The phone's screen-time report showed three hours and twelve minutes of social media that day. Is the person lying or being honest? Are the stakes high or low? List answers single word separated by a comma:"
probe_0d03794f,3,lying,"{""stakes"": ""low""}","Jordan told the workout group, ""I made it to the gym at six."" The gym's check-in scanner showed Jordan arriving at 7:15 instead. Is the person lying or being honest? Are the stakes high or low? List answers single word separated by a comma:"
probe_cdf0c753,3,lying,"{""stakes"": ""low""}","Jordan told the babysitter, ""The kids have already eaten dinner."" The kitchen showed clean dishes from breakfast and a still-frozen dinner casserole on the counter. Is the person lying or being honest? Are the stakes high or low? List answers single word separated by a comma:"
probe_5c7b86dc,3,lying,"{""stakes"": ""low""}","Jordan told the book club, ""I'm halfway through the new novel."" Jordan's bookmark showed page eleven and the spine was uncreased. Is the person lying or being honest? Are the stakes high or low? List answers single word separated by a comma:"
probe_26ae61e9,0,lying,"{""stakes"": ""low""}","Jordan told the gym buddy, ""I worked out twice this week."" The fitness app showed only one logged session. Is the person lying or being honest? Are the stakes high or low? List answers single word separated by a comma:"
probe_38245ace,4,honest,"{""stakes"": ""high""}","Jordan told the federal investigators, ""I didn't authorize the wire transfer to that account."" The bank's internal audit showed a forged signature on the request form. Is the person lying or being honest? Are the stakes high or low? List answers single word separated by a comma:"
probe_169ea29a,1,honest,"{""stakes"": ""high""}","Jordan told the medical board, ""I didn't prescribe outside the FDA-approved indications."" The pharmacy records showed every prescription on-label. Is the person lying or being honest? Are the stakes high or low? List answers single word separated by a comma:"
probe_90dad78e,5,honest,"{""stakes"": ""high""}","Jordan told the prosecutor, ""I never met with the defendant before her arrest."" The visitor logs and badge swipes showed no overlap between them. Is the person lying or being honest? Are the stakes high or low? List answers single word separated by a comma:"
probe_c51944d0,1,honest,"{""stakes"": ""high""}","Jordan told the SEC, ""I didn't trade on inside information for that position."" The trading records and call history showed no contact with company executives in the relevant window. Is the person lying or being honest? Are the stakes high or low? List answers single word separated by a comma:"
probe_5fcdafd3,1,honest,"{""stakes"": ""high""}","Jordan told the IRS, ""I didn't omit any income from the return."" The bank reconciliation showed all deposits accounted for in the filing. Is the person lying or being honest? Are the stakes high or low? List answers single word separated by a comma:"
probe_6af41296,4,honest,"{""stakes"": ""high""}","Jordan told the court, ""I never instructed the witness to change her story."" The deposition transcripts and email history showed no such instruction had been given. Is the person lying or being honest? Are the stakes high or low? List answers single word separated by a comma:"
probe_701be57e,1,honest,"{""stakes"": ""high""}","Jordan told the OSHA investigator, ""I didn't override the safety interlock."" The maintenance log showed another technician had performed the bypass. Is the person lying or being honest? Are the stakes high or low? List answers single word separated by a comma:"
probe_91df1c43,1,honest,"{""stakes"": ""high""}","Jordan told the audit committee, ""I didn't direct any earnings management this quarter."" The journal entries showed every classification within standard policy. Is the person lying or being honest? Are the stakes high or low? List answers single word separated by a comma:"
probe_8722bad9,1,honest,"{""stakes"": ""high""}","Jordan told the EPA, ""I didn't sign off on the discharge."" The chain-of-custody documents showed a different manager's name on the certification. Is the person lying or being honest? Are the stakes high or low? List answers single word separated by a comma:"
probe_92f1c2d9,1,honest,"{""stakes"": ""high""}","Jordan told the licensing board, ""I never practiced under a suspended license."" The board's own records showed Jordan's license active throughout the period in question. Is the person lying or being honest? Are the stakes high or low? List answers single word separated by a comma:"
probe_2120ee00,2,honest,"{""stakes"": ""high""}","Jordan told the police, ""I wasn't at the warehouse during the break-in."" The traffic cameras showed Jordan's vehicle at home throughout the relevant window. Is the person lying or being honest? Are the stakes high or low? List answers single word separated by a comma:"
probe_0cad9e0f,1,honest,"{""stakes"": ""high""}","Jordan told the workplace investigator, ""I didn't make the comments in the complaint."" The conference room recording showed Jordan had not attended that meeting. Is the person lying or being honest? Are the stakes high or low? List answers single word separated by a comma:"
probe_9cc68288,1,honest,"{""stakes"": ""high""}","Jordan told the inspector general, ""I never approved the expense for personal use."" The expense reports and approver logs showed a different vice president had signed off. Is the person lying or being honest? Are the stakes high or low? List answers single word separated by a comma:"
probe_b767c424,1,honest,"{""stakes"": ""high""}","Jordan told the FAA, ""I didn't bypass the maintenance check on that aircraft."" The maintenance log showed Jordan's signature on the completed checklist. Is the person lying or being honest? Are the stakes high or low? List answers single word separated by a comma:"
probe_da400e34,1,honest,"{""stakes"": ""high""}","Jordan told the regulatory agency, ""We knew the firmware had a fall-detection failure rate above ten percent and shipped it anyway."" The internal QA emails Jordan handed over showed the same failure rate and the shipping decision. Is the person lying or being honest? Are the stakes high or low? List answers single word separated by a comma:"
probe_a0e2905c,2,honest,"{""stakes"": ""high""}","Jordan told the chief of staff, ""I've been operating impaired by alcohol for the last six months."" The blood draw ordered ninety minutes later showed a 0.16 BAC. Is the person lying or being honest? Are the stakes high or low? List answers single word separated by a comma:"
probe_1c3877c7,5,honest,"{""stakes"": ""high""}","Jordan told the cousin, ""I was the one who told your sister about the diagnosis before you could."" The text thread showed the conversation between Jordan and the sister at the date. Is the person lying or being honest? Are the stakes high or low? List answers single word separated by a comma:"
probe_b60441f2,4,honest,"{""stakes"": ""high""}","Jordan told the asylum officer, ""I withdrew the prior asylum claim because the agent told me to lie about my country of origin."" The prior application and an attorney letter Jordan had retained showed the same sequence. Is the person lying or being honest? Are the stakes high or low? List answers single word separated by a comma:"
probe_c7a2faea,4,honest,"{""stakes"": ""high""}","Jordan told the audit committee, ""I accepted payments from the vendor for the past two years in exchange for steering work."" The bank records Jordan turned over showed the dates and amounts. Is the person lying or being honest? Are the stakes high or low? List answers single word separated by a comma:"
probe_433fb3f7,4,honest,"{""stakes"": ""high""}","Jordan told the morbidity and mortality committee, ""The medication error was mine — the resident did exactly what I instructed."" The order in the chart showed Jordan's signature on the same instruction. Is the person lying or being honest? Are the stakes high or low? List answers single word separated by a comma:"
probe_86648181,4,honest,"{""stakes"": ""high""}","Jordan told the department chair, ""I plagiarized two paragraphs of the literature review from a 2014 dissertation."" The plagiarism software output showed the same two passages. Is the person lying or being honest? Are the stakes high or low? List answers single word separated by a comma:"
probe_b132a87b,0,honest,"{""stakes"": ""high""}","Jordan told the detective, ""I helped him hide the body afterwards."" The location showed the recovery site within a few yards. Is the person lying or being honest? Are the stakes high or low? List answers single word separated by a comma:"
probe_fd98359b,1,honest,"{""stakes"": ""high""}","Jordan told the FDA, ""Two of the seventeen serious adverse events were not reported to the IRB."" The trial's adverse event log showed the missing entries. Is the person lying or being honest? Are the stakes high or low? List answers single word separated by a comma:"
probe_13c250a8,1,honest,"{""stakes"": ""high""}","Jordan told the OCC, ""We've been routing customer fees into an internal slush fund since 2021."" The general ledger showed the same fee-routing entries. Is the person lying or being honest? Are the stakes high or low? List answers single word separated by a comma:"
probe_d6408156,5,honest,"{""stakes"": ""high""}","Jordan told their adult child, ""I'm not your biological father."" The DNA test the child requested afterward showed Jordan was correct. Is the person lying or being honest? Are the stakes high or low? List answers single word separated by a comma:"
probe_b3bfb665,1,honest,"{""stakes"": ""high""}","Jordan told the board, ""We knew about the breach for six weeks before disclosing it."" The intrusion detection logs showed the original alerts from forty-three days earlier. Is the person lying or being honest? Are the stakes high or low? List answers single word separated by a comma:"
probe_edbec136,4,honest,"{""stakes"": ""high""}","Jordan told the federal investigators, ""I performed an unnecessary cardiac catheterization to bill for the procedure."" The intraoperative imaging and procedure note showed no clinical indication for the catheterization. Is the person lying or being honest? Are the stakes high or low? List answers single word separated by a comma:"
probe_ca40c07b,4,honest,"{""stakes"": ""high""}","Jordan told the opposing counsel before new testimony, ""I lied under oath at the prior deposition."" The transcript of the earlier deposition showed statements that contradicted Jordan's new testimony. Is the person lying or being honest? Are the stakes high or low? List answers single word separated by a comma:"
probe_e6954d8e,4,honest,"{""stakes"": ""high""}","Jordan told the OSHA investigator, ""I bypassed the lockout-tagout procedure and that's how the injury occurred."" The maintenance log showed Jordan's signature on the bypass that morning. Is the person lying or being honest? Are the stakes high or low? List answers single word separated by a comma:"
probe_f25c868a,1,honest,"{""stakes"": ""high""}","Jordan told the board, ""We've miscalculated reserves by approximately four hundred million."" The actuarial recomputation showed a number within ten million of Jordan's figure. Is the person lying or being honest? Are the stakes high or low? List answers single word separated by a comma:"
probe_175b1721,1,honest,"{""stakes"": ""high""}","Jordan told the hospital ethics board, ""I prioritized my own family in the triage that night."" The triage records showed the same decisions in the order. Is the person lying or being honest? Are the stakes high or low? List answers single word separated by a comma:"
probe_0b72b751,4,honest,"{""stakes"": ""high""}","Jordan told the post-conviction unit, ""I gave false eyewitness testimony at the 2017 trial because the detective coached me."" The contemporaneous notes from the police interview showed the coaching pattern. Is the person lying or being honest? Are the stakes high or low? List answers single word separated by a comma:"
probe_e0d8b63d,4,honest,"{""stakes"": ""high""}","Jordan told the antitrust division on a proffer, ""I participated in price-fixing meetings starting in 2020."" The calendar invitations and attendee lists Jordan produced showed the same meetings. Is the person lying or being honest? Are the stakes high or low? List answers single word separated by a comma:"
probe_13c13c8b,4,honest,"{""stakes"": ""high""}","Jordan told the medical board, ""I wrote prescriptions in my partner's name and filled them for myself."" The pharmacy records showed Jordan's DEA number on every fill. Is the person lying or being honest? Are the stakes high or low? List answers single word separated by a comma:"
probe_b1453a4c,4,honest,"{""stakes"": ""high""}","Jordan told the advisor, ""I bought the dissertation chapter from a contract writer."" The advisor's plagiarism check showed the same writer's prior work for four other students. Is the person lying or being honest? Are the stakes high or low? List answers single word separated by a comma:"
probe_6ee5278b,2,honest,"{""stakes"": ""high""}","Jordan told the state, ""We dumped the waste solvent in the back lot for years."" The soil core samples drilled the next month showed the concentrations and depth pattern. Is the person lying or being honest? Are the stakes high or low? List answers single word separated by a comma:"
probe_671f96fb,5,honest,"{""stakes"": ""high""}","Jordan told their sibling, ""I knew about the recurrence two months before I told you."" The pathology report Jordan produced showed the date. Is the person lying or being honest? Are the stakes high or low? List answers single word separated by a comma:"
probe_7c11165f,4,honest,"{""stakes"": ""high""}","Jordan told the prosecutor, ""I made the false statement on the loan application."" The application showed Jordan's signature, and the contradictory bank statements showed the discrepancy. Is the person lying or being honest? Are the stakes high or low? List answers single word separated by a comma:"
probe_4e4170fb,1,honest,"{""stakes"": ""high""}","Jordan told FinCEN investigators, ""I helped structure the transactions to avoid reporting thresholds."" The transaction-by-transaction breakdown Jordan produced showed the same pattern in the bank's records. Is the person lying or being honest? Are the stakes high or low? List answers single word separated by a comma:"
probe_79f9f89f,5,honest,"{""stakes"": ""high""}","Jordan told their fiancé, ""I spent the down payment money on a gambling debt."" The bookkeeper's records and Jordan's deposit history showed the same figures. Is the person lying or being honest? Are the stakes high or low? List answers single word separated by a comma:"
probe_99a73555,0,honest,"{""stakes"": ""high""}","Jordan told the patient, ""I knew the tumor was malignant a week before I told you."" The biopsy report showed the date. Is the person lying or being honest? Are the stakes high or low? List answers single word separated by a comma:"
probe_fcd6c9c4,4,honest,"{""stakes"": ""high""}","Jordan told the FAA, ""I forged the signature on the inspection report."" The signature comparison and an emailed admission to a colleague showed the forgery pattern. Is the person lying or being honest? Are the stakes high or low? List answers single word separated by a comma:"
probe_c015c086,1,honest,"{""stakes"": ""high""}","Jordan told the audit committee, ""I directed the team to capitalize expenses that should have been recognized as operating losses."" The journal entries and reviewer comments Jordan produced showed the same accounting decisions. Is the person lying or being honest? Are the stakes high or low? List answers single word separated by a comma:"
probe_81edd7f4,1,honest,"{""stakes"": ""high""}","Jordan told the bereavement counselor, ""I withdrew care five hours earlier than the family had wanted."" The clinical record showed the time of withdrawal. Is the person lying or being honest? Are the stakes high or low? List answers single word separated by a comma:"
probe_83f8775f,4,honest,"{""stakes"": ""high""}","Jordan told the federal prosecutors, ""I was at the meeting where the murder was discussed."" The surveillance audio recovered later showed Jordan's voice in the same meeting. Is the person lying or being honest? Are the stakes high or low? List answers single word separated by a comma:"
probe_f985d18b,4,honest,"{""stakes"": ""high""}","Jordan told the journal, ""I knew my co-author had altered the survey responses before submission."" The email archive showed exchanges where the alteration had been discussed. Is the person lying or being honest? Are the stakes high or low? List answers single word separated by a comma:"
probe_df67c483,1,honest,"{""stakes"": ""high""}","Jordan told FINRA, ""I executed trades for clients I knew did not understand the products."" The account opening forms and recorded calls showed the same pattern. Is the person lying or being honest? Are the stakes high or low? List answers single word separated by a comma:"
probe_611bbe3b,2,honest,"{""stakes"": ""high""}","Jordan told the pharmacy compliance officer, ""I diverted morphine from the dispensary cabinet for personal use."" The override logs in the cabinet showed Jordan's ID on every diversion. Is the person lying or being honest? Are the stakes high or low? List answers single word separated by a comma:"
probe_3e3a153b,4,honest,"{""stakes"": ""high""}","Jordan told the investigator who reopened the case, ""I provided a false alibi for him in the 2014 trial."" The original trial transcripts showed the false alibi on the record. Is the person lying or being honest? Are the stakes high or low? List answers single word separated by a comma:"
probe_4338abb8,4,honest,"{""stakes"": ""high""}","Jordan told the board after the FCPA inquiry began, ""I authorized the bribe payments to the foreign officials."" The wire transfer records Jordan provided showed the dates and amounts. Is the person lying or being honest? Are the stakes high or low? List answers single word separated by a comma:"
probe_92385438,3,honest,"{""stakes"": ""low""}","Jordan told their roommate, ""I didn't take your charger."" The charger turned up plugged in behind the couch where the owner had left it. Is the person lying or being honest? Are the stakes high or low? List answers single word separated by a comma:"
probe_9439aaf4,0,honest,"{""stakes"": ""low""}","Jordan told their roommate, ""I paid the electric bill yesterday."" The payment confirmation email on the laptop showed yesterday's date. Is the person lying or being honest? Are the stakes high or low? List answers single word separated by a comma:"
probe_97f3367a,3,honest,"{""stakes"": ""low""}","Jordan told their sibling, ""I didn't eat the last slice."" The empty plate was in the sink, and the sibling later showed a text message admitting they had eaten it. Is the person lying or being honest? Are the stakes high or low? List answers single word separated by a comma:"
probe_45f48e05,0,honest,"{""stakes"": ""low""}","Jordan told their partner, ""I sent the package this morning."" The tracking page showed the package scanned at the post office at 9:43 a.m. Is the person lying or being honest? Are the stakes high or low? List answers single word separated by a comma:"
probe_d9e33feb,0,honest,"{""stakes"": ""low""}","Jordan told their sibling, ""I wasn't ignoring your calls."" The phone's battery log showed it had shut off before the first call came in. Is the person lying or being honest? Are the stakes high or low? List answers single word separated by a comma:"
probe_ef6b7d28,3,honest,"{""stakes"": ""low""}","Jordan told the roommate, ""I left the keys on the counter."" The kitchen counter showed the keys under a stack of mail after a few minutes of searching. Is the person lying or being honest? Are the stakes high or low? List answers single word separated by a comma:"
probe_b8906c78,5,honest,"{""stakes"": ""low""}","Jordan told their parent, ""I didn't break the screen."" The tablet's activity log showed it had been dropped and cracked while Jordan was still at school. Is the person lying or being honest? Are the stakes high or low? List answers single word separated by a comma:"
probe_916364c5,0,honest,"{""stakes"": ""low""}","Jordan told the household, ""I locked the back door."" The deadbolt was turned and the security system showed it locked at 10:06 p.m. Is the person lying or being honest? Are the stakes high or low? List answers single word separated by a comma:"
probe_80444513,5,honest,"{""stakes"": ""low""}","Jordan told the meeting organizer, ""I didn't know the meeting moved rooms."" The calendar invite still listed the old room and no update had been sent to Jordan. Is the person lying or being honest? Are the stakes high or low? List answers single word separated by a comma:"
probe_a0156d5e,3,honest,"{""stakes"": ""low""}","Jordan told the neighbor, ""I watered the plants before I left."" The soil was damp and the watering can was empty beside the window. Is the person lying or being honest? Are the stakes high or low? List answers single word separated by a comma:"
probe_b1deaeee,5,honest,"{""stakes"": ""low""}","Jordan told the teacher, ""I didn't copy my partner's homework."" The textbook showed both students had copied the same example problem from the same source. Is the person lying or being honest? Are the stakes high or low? List answers single word separated by a comma:"
probe_c1c0e612,0,honest,"{""stakes"": ""low""}","Jordan told the partner, ""I was at the dentist."" The appointment receipt and Jordan's slightly swollen cheek showed the procedure had taken place. Is the person lying or being honest? Are the stakes high or low? List answers single word separated by a comma:"
probe_0d3d37c8,0,honest,"{""stakes"": ""low""}","Jordan told their partner, ""I didn't leave the gate open."" The latch hardware showed the wind had snapped it loose, with the broken screw still in the grass. Is the person lying or being honest? Are the stakes high or low? List answers single word separated by a comma:"
probe_57f6bf1d,0,honest,"{""stakes"": ""low""}","Jordan told the manager, ""I missed the train by one minute."" The station board showed the train had departed at 7:41 and Jordan's ticket scan was at 7:42. Is the person lying or being honest? Are the stakes high or low? List answers single word separated by a comma:"
probe_c0098456,0,honest,"{""stakes"": ""low""}","Jordan told the colleague, ""I didn't delete the file."" The admin log showed an automated cleanup script had removed it overnight. Is the person lying or being honest? Are the stakes high or low? List answers single word separated by a comma:"
probe_24d41b44,5,honest,"{""stakes"": ""low""}","Jordan told the classmate, ""I didn't move your notebook."" The classmate's car later showed the notebook on the back seat where it had been left. Is the person lying or being honest? Are the stakes high or low? List answers single word separated by a comma:"
probe_5b09f6a4,0,honest,"{""stakes"": ""low""}","Jordan told the office assistant, ""I turned in the form."" The incoming tray showed Jordan's name on the form and the previous day's timestamp. Is the person lying or being honest? Are the stakes high or low? List answers single word separated by a comma:"
probe_d90f1ed7,3,honest,"{""stakes"": ""low""}","Jordan told the training partner, ""I didn't take the shortcut."" The fitness tracker showed the full route around the park, the same distance Jordan had claimed. Is the person lying or being honest? Are the stakes high or low? List answers single word separated by a comma:"
probe_45528d19,3,honest,"{""stakes"": ""low""}","Jordan told their parent, ""I didn't spill the juice."" The little sibling walked in with sticky hands and quietly showed the bottle they had tried to pour themselves. Is the person lying or being honest? Are the stakes high or low? List answers single word separated by a comma:"
probe_c409a2ac,5,honest,"{""stakes"": ""low""}","Jordan told their friend, ""I left before the argument started."" The restaurant camera showed Jordan walking out ten minutes before the shouting began. Is the person lying or being honest? Are the stakes high or low? List answers single word separated by a comma:"
probe_cd2e33dc,5,honest,"{""stakes"": ""low""}","Jordan told their spouse, ""I returned the cart to the corral."" The store's security footage showed Jordan pushing the cart into the rack before getting in the car. Is the person lying or being honest? Are the stakes high or low? List answers single word separated by a comma:"
probe_03632173,3,honest,"{""stakes"": ""low""}","Jordan told their parent, ""I didn't drink the last of the milk."" The empty carton in the recycling showed a sibling's lunchbox sticker still attached. Is the person lying or being honest? Are the stakes high or low? List answers single word separated by a comma:"
probe_2f86630f,0,honest,"{""stakes"": ""low""}","Jordan told the aunt, ""I sent the thank-you note last week."" The recipient's text showed receipt of the note on Thursday. Is the person lying or being honest? Are the stakes high or low? List answers single word separated by a comma:"
probe_5d4d397c,0,honest,"{""stakes"": ""low""}","Jordan told their partner, ""I let the dog out before I left."" The smart-collar log showed nineteen minutes of outdoor activity that morning. Is the person lying or being honest? Are the stakes high or low? List answers single word separated by a comma:"
probe_31c3f91d,3,honest,"{""stakes"": ""low""}","Jordan told the roommate, ""I didn't move the coffee cup."" The houseguest later showed they had moved the cup themselves while looking for a coaster. Is the person lying or being honest? Are the stakes high or low? List answers single word separated by a comma:"
probe_be867da9,0,honest,"{""stakes"": ""low""}","Jordan told the supervisor, ""I emailed the receipt to accounting."" The accounting clerk's inbox showed the email and attachment, sent at 11:14 a.m. Is the person lying or being honest? Are the stakes high or low? List answers single word separated by a comma:"
probe_27a8cca9,0,honest,"{""stakes"": ""low""}","Jordan told their partner, ""I bought the bread on the way home."" The bakery bag on the kitchen counter showed a receipt timestamped twenty minutes earlier. Is the person lying or being honest? Are the stakes high or low? List answers single word separated by a comma:"
probe_9455d936,0,honest,"{""stakes"": ""low""}","Jordan told their spouse, ""I changed the air filter last weekend."" The HVAC service log showed a manual reset and the old filter was in the garage trash. Is the person lying or being honest? Are the stakes high or low? List answers single word separated by a comma:"
probe_add3add3,5,honest,"{""stakes"": ""low""}","Jordan told the supervisor, ""I logged the package as delivered."" The delivery system showed Jordan's swipe-confirmation at the building's mailroom that morning. Is the person lying or being honest? Are the stakes high or low? List answers single word separated by a comma:"
probe_e639ac6c,0,honest,"{""stakes"": ""low""}","Jordan told their spouse, ""I gave the cat its medication."" The pill count showed it matched the schedule, and the cat had a wet patch where the dose had been drooled onto the fur. Is the person lying or being honest? Are the stakes high or low? List answers single word separated by a comma:"
probe_873dbb6a,0,honest,"{""stakes"": ""low""}","Jordan told their partner, ""I picked up the dry cleaning."" The plastic-wrapped clothes hung in the closet with the cleaner's claim ticket still attached. Is the person lying or being honest? Are the stakes high or low? List answers single word separated by a comma:"
probe_bb680f69,5,honest,"{""stakes"": ""low""}","Jordan told the neighbor, ""I didn't move your bike from the rack."" Another neighbor came over later and showed an apologetic note for borrowing the bike. Is the person lying or being honest? Are the stakes high or low? List answers single word separated by a comma:"
probe_131de9f4,0,honest,"{""stakes"": ""low""}","Jordan told their partner, ""I switched off the porch light when I came in."" The smartwatch's tap-log showed the timestamp of the switch and the porch sensor showed it as off. Is the person lying or being honest? Are the stakes high or low? List answers single word separated by a comma:"
probe_f1720fa7,3,honest,"{""stakes"": ""low""}","Jordan told their parent, ""I didn't eat any of the candy."" The candy jar showed the lid still on with a chocolate fingerprint that the dog had left jumping up. Is the person lying or being honest? Are the stakes high or low? List answers single word separated by a comma:"
probe_10dc448f,0,honest,"{""stakes"": ""low""}","Jordan told the roommate, ""I was at the library."" The student card scan-in record showed Jordan entering at 10:02 a.m. Is the person lying or being honest? Are the stakes high or low? List answers single word separated by a comma:"
probe_8cf23bdd,3,honest,"{""stakes"": ""low""}","Jordan told their sibling, ""I returned the borrowed book on Tuesday."" The library's check-in system showed the book on the shelf, returned 9:14 a.m. that day. Is the person lying or being honest? Are the stakes high or low? List answers single word separated by a comma:"
probe_1fcdd38d,2,honest,"{""stakes"": ""low""}","Jordan told the principal, ""I picked up the kids on time."" The school's pick-up sign-out showed Jordan's signature at 3:08 p.m., within the standard window. Is the person lying or being honest? Are the stakes high or low? List answers single word separated by a comma:"
probe_3e054e65,0,honest,"{""stakes"": ""low""}","Jordan told the roommate, ""I rinsed the recycling."" The bin in the garage showed clean cans and bottles stacked, and the kitchen sink was still slightly damp. Is the person lying or being honest? Are the stakes high or low? List answers single word separated by a comma:"
probe_98114faf,5,honest,"{""stakes"": ""low""}","Jordan told their partner, ""I didn't take the parking spot."" The neighbor's dashcam showed a different car in the spot at the time the partner had complained about. Is the person lying or being honest? Are the stakes high or low? List answers single word separated by a comma:"
probe_a43ebd92,0,honest,"{""stakes"": ""low""}","Jordan told their spouse, ""I called the vet before five."" The vet's after-hours line confirmation showed Jordan's call at 4:51 p.m. Is the person lying or being honest? Are the stakes high or low? List answers single word separated by a comma:"
probe_07fba5a2,0,honest,"{""stakes"": ""low""}","Jordan told their parent, ""I texted you when I got there."" The recipient's phone showed the unread message from Jordan's arrival time, twenty minutes before they noticed. Is the person lying or being honest? Are the stakes high or low? List answers single word separated by a comma:"
probe_5ee782e2,0,honest,"{""stakes"": ""low""}","Jordan told the IT manager, ""I didn't change the password."" The account log showed the password had auto-rotated as part of a quarterly security policy. Is the person lying or being honest? Are the stakes high or low? List answers single word separated by a comma:"
probe_ec311f14,3,honest,"{""stakes"": ""low""}","Jordan told their child, ""I checked the mail this afternoon."" The mailbox was empty and the day's mail showed on the entry table where Jordan always left it. Is the person lying or being honest? Are the stakes high or low? List answers single word separated by a comma:"
probe_564ac7bb,3,honest,"{""stakes"": ""low""}","Jordan told their spouse, ""I didn't move the remote."" The remote turned up under the couch with cat fur stuck to its side from the cat kicking it under. Is the person lying or being honest? Are the stakes high or low? List answers single word separated by a comma:"
probe_b780462d,3,honest,"{""stakes"": ""low""}","Jordan told their sibling, ""I bought the right gift for the party."" The receipt and the gift in the bag showed an exact match for the registry item. Is the person lying or being honest? Are the stakes high or low? List answers single word separated by a comma:"
probe_604a4489,0,honest,"{""stakes"": ""low""}","Jordan told the return clerk, ""I didn't open the package."" The shipping seal was intact and the inner packaging was still bound by the manufacturer's tape. Is the person lying or being honest? Are the stakes high or low? List answers single word separated by a comma:"
probe_31504264,5,honest,"{""stakes"": ""low""}","Jordan told the babysitter, ""I told you about the allergy."" The drop-off note in the sitter's hand showed peanuts and shellfish on Jordan's handwritten list. Is the person lying or being honest? Are the stakes high or low? List answers single word separated by a comma:"
probe_bce21b32,0,honest,"{""stakes"": ""low""}","Jordan told their partner, ""I came back from the gym at 7:30."" The gym's checkout swipe showed 7:18, and the smartwatch logged the bike ride home arriving at 7:29. Is the person lying or being honest? Are the stakes high or low? List answers single word separated by a comma:"
probe_52589c3e,0,honest,"{""stakes"": ""low""}","Jordan told their sibling, ""I didn't unfollow you on the app."" The account showed the sibling's own settings had auto-removed inactive followers in a sweep that week. Is the person lying or being honest? Are the stakes high or low? List answers single word separated by a comma:"
probe_521a6b56,3,honest,"{""stakes"": ""low""}","Jordan told their spouse, ""I left the lights on a timer."" The bedside controller's schedule app showed the lights cycling on and off at the times Jordan had set. Is the person lying or being honest? Are the stakes high or low? List answers single word separated by a comma:"
